param,value,instance,run,init_best,final_best,improvement,gens,evals
pm,0.0,tuneA_0,0,-501,-355,146,689,40022
pm,0.0,tuneA_0,1,-511,-411,100,689,40022
pm,0.0,tuneA_0,2,-516,-293,223,689,40022
pm,0.0,tuneA_0,3,-498,-332,166,689,40022
pm,0.0,tuneA_0,4,-528,-313,215,689,40022
pm,0.0,tuneA_0,5,-533,-283,250,689,40022
pm,0.0,tuneA_0,6,-497,-294,203,689,40022
pm,0.0,tuneA_0,7,-523,-366,157,689,40022
pm,0.0,tuneA_0,8,-535,-252,283,689,40022
pm,0.0,tuneA_0,9,-493,-372,121,689,40022
pm,0.0,tuneA_1,0,-519,-341,178,689,40022
pm,0.0,tuneA_1,1,-487,-288,199,689,40022
pm,0.0,tuneA_1,2,-537,-276,261,689,40022
pm,0.0,tuneA_1,3,-559,-278,281,689,40022
pm,0.0,tuneA_1,4,-501,-358,143,689,40022
pm,0.0,tuneA_1,5,-514,-286,228,689,40022
pm,0.0,tuneA_1,6,-518,-362,156,689,40022
pm,0.0,tuneA_1,7,-550,-323,227,689,40022
pm,0.0,tuneA_1,8,-494,-335,159,689,40022
pm,0.0,tuneA_1,9,-530,-320,210,689,40022
pm,0.0,tuneA_2,0,-562,-397,165,689,40022
pm,0.0,tuneA_2,1,-523,-288,235,689,40022
pm,0.0,tuneA_2,2,-532,-383,149,689,40022
pm,0.0,tuneA_2,3,-525,-334,191,689,40022
pm,0.0,tuneA_2,4,-527,-445,82,689,40022
pm,0.0,tuneA_2,5,-558,-328,230,689,40022
pm,0.0,tuneA_2,6,-549,-305,244,689,40022
pm,0.0,tuneA_2,7,-484,-428,56,689,40022
pm,0.0,tuneA_2,8,-539,-300,239,689,40022
pm,0.0,tuneA_2,9,-547,-193,354,689,40022
pm,0.0,tuneB_0,0,-637,-424,213,689,40022
pm,0.0,tuneB_0,1,-619,-403,216,689,40022
pm,0.0,tuneB_0,2,-604,-412,192,689,40022
pm,0.0,tuneB_0,3,-579,-348,231,689,40022
pm,0.0,tuneB_0,4,-584,-447,137,689,40022
pm,0.0,tuneB_0,5,-619,-422,197,689,40022
pm,0.0,tuneB_0,6,-591,-431,160,689,40022
pm,0.0,tuneB_0,7,-589,-426,163,689,40022
pm,0.0,tuneB_0,8,-598,-434,164,689,40022
pm,0.0,tuneB_0,9,-626,-344,282,689,40022
pm,0.0,tuneB_1,0,-577,-377,200,689,40022
pm,0.0,tuneB_1,1,-514,-340,174,689,40022
pm,0.0,tuneB_1,2,-591,-373,218,689,40022
pm,0.0,tuneB_1,3,-573,-360,213,689,40022
pm,0.0,tuneB_1,4,-581,-434,147,689,40022
pm,0.0,tuneB_1,5,-570,-400,170,689,40022
pm,0.0,tuneB_1,6,-566,-368,198,689,40022
pm,0.0,tuneB_1,7,-592,-285,307,689,40022
pm,0.0,tuneB_1,8,-590,-315,275,689,40022
pm,0.0,tuneB_1,9,-593,-427,166,689,40022
pm,0.0,tuneB_2,0,-680,-494,186,689,40022
pm,0.0,tuneB_2,1,-672,-434,238,689,40022
pm,0.0,tuneB_2,2,-679,-437,242,689,40022
pm,0.0,tuneB_2,3,-685,-358,327,689,40022
pm,0.0,tuneB_2,4,-672,-466,206,689,40022
pm,0.0,tuneB_2,5,-678,-532,146,689,40022
pm,0.0,tuneB_2,6,-645,-537,108,689,40022
pm,0.0,tuneB_2,7,-643,-441,202,689,40022
pm,0.0,tuneB_2,8,-668,-364,304,689,40022
pm,0.0,tuneB_2,9,-670,-448,222,689,40022
pm,0.0,tuneC_0,0,-701,-509,192,689,40022
pm,0.0,tuneC_0,1,-673,-537,136,689,40022
pm,0.0,tuneC_0,2,-682,-419,263,689,40022
pm,0.0,tuneC_0,3,-646,-445,201,689,40022
pm,0.0,tuneC_0,4,-679,-435,244,689,40022
pm,0.0,tuneC_0,5,-690,-517,173,689,40022
pm,0.0,tuneC_0,6,-663,-552,111,689,40022
pm,0.0,tuneC_0,7,-683,-433,250,689,40022
pm,0.0,tuneC_0,8,-678,-463,215,689,40022
pm,0.0,tuneC_0,9,-684,-547,137,689,40022
pm,0.0,tuneC_1,0,-699,-474,225,689,40022
pm,0.0,tuneC_1,1,-682,-509,173,689,40022
pm,0.0,tuneC_1,2,-702,-454,248,689,40022
pm,0.0,tuneC_1,3,-688,-515,173,689,40022
pm,0.0,tuneC_1,4,-706,-512,194,689,40022
pm,0.0,tuneC_1,5,-704,-496,208,689,40022
pm,0.0,tuneC_1,6,-708,-531,177,689,40022
pm,0.0,tuneC_1,7,-660,-561,99,689,40022
pm,0.0,tuneC_1,8,-684,-502,182,689,40022
pm,0.0,tuneC_1,9,-685,-452,233,689,40022
pm,0.1,tuneA_0,0,-501,98,599,689,40022
pm,0.1,tuneA_0,1,-511,398,909,689,40022
pm,0.1,tuneA_0,2,-516,73,589,689,40022
pm,0.1,tuneA_0,3,-498,267,765,689,40022
pm,0.1,tuneA_0,4,-528,398,926,689,40022
pm,0.1,tuneA_0,5,-533,-28,505,689,40022
pm,0.1,tuneA_0,6,-497,398,895,689,40022
pm,0.1,tuneA_0,7,-523,398,921,689,40022
pm,0.1,tuneA_0,8,-535,398,933,689,40022
pm,0.1,tuneA_0,9,-493,117,610,689,40022
pm,0.1,tuneA_1,0,-519,223,742,689,40022
pm,0.1,tuneA_1,1,-487,-31,456,689,40022
pm,0.1,tuneA_1,2,-537,309,846,689,40022
pm,0.1,tuneA_1,3,-559,325,884,689,40022
pm,0.1,tuneA_1,4,-501,18,519,689,40022
pm,0.1,tuneA_1,5,-514,304,818,689,40022
pm,0.1,tuneA_1,6,-518,-101,417,689,40022
pm,0.1,tuneA_1,7,-550,-116,434,689,40022
pm,0.1,tuneA_1,8,-494,121,615,689,40022
pm,0.1,tuneA_1,9,-530,-27,503,689,40022
pm,0.1,tuneA_2,0,-562,2,564,689,40022
pm,0.1,tuneA_2,1,-523,-21,502,689,40022
pm,0.1,tuneA_2,2,-532,-60,472,689,40022
pm,0.1,tuneA_2,3,-525,33,558,689,40022
pm,0.1,tuneA_2,4,-527,-13,514,689,40022
pm,0.1,tuneA_2,5,-558,-52,506,689,40022
pm,0.1,tuneA_2,6,-549,219,768,689,40022
pm,0.1,tuneA_2,7,-484,95,579,689,40022
pm,0.1,tuneA_2,8,-539,232,771,689,40022
pm,0.1,tuneA_2,9,-547,18,565,689,40022
pm,0.1,tuneB_0,0,-637,93,730,689,40022
pm,0.1,tuneB_0,1,-619,-137,482,689,40022
pm,0.1,tuneB_0,2,-604,-201,403,689,40022
pm,0.1,tuneB_0,3,-579,176,755,689,40022
pm,0.1,tuneB_0,4,-584,143,727,689,40022
pm,0.1,tuneB_0,5,-619,69,688,689,40022
pm,0.1,tuneB_0,6,-591,12,603,689,40022
pm,0.1,tuneB_0,7,-589,94,683,689,40022
pm,0.1,tuneB_0,8,-598,-75,523,689,40022
pm,0.1,tuneB_0,9,-626,-2,624,689,40022
pm,0.1,tuneB_1,0,-577,-85,492,689,40022
pm,0.1,tuneB_1,1,-514,-137,377,689,40022
pm,0.1,tuneB_1,2,-591,-117,474,689,40022
pm,0.1,tuneB_1,3,-573,-51,522,689,40022
pm,0.1,tuneB_1,4,-581,107,688,689,40022
pm,0.1,tuneB_1,5,-570,7,577,689,40022
pm,0.1,tuneB_1,6,-566,-32,534,689,40022
pm,0.1,tuneB_1,7,-592,97,689,689,40022
pm,0.1,tuneB_1,8,-590,-57,533,689,40022
pm,0.1,tuneB_1,9,-593,181,774,689,40022
pm,0.1,tuneB_2,0,-680,-150,530,689,40022
pm,0.1,tuneB_2,1,-672,-2,670,689,40022
pm,0.1,tuneB_2,2,-679,13,692,689,40022
pm,0.1,tuneB_2,3,-685,-107,578,689,40022
pm,0.1,tuneB_2,4,-672,-80,592,689,40022
pm,0.1,tuneB_2,5,-678,-26,652,689,40022
pm,0.1,tuneB_2,6,-645,-62,583,689,40022
pm,0.1,tuneB_2,7,-643,-77,566,689,40022
pm,0.1,tuneB_2,8,-668,-47,621,689,40022
pm,0.1,tuneB_2,9,-670,-43,627,689,40022
pm,0.1,tuneC_0,0,-701,-178,523,689,40022
pm,0.1,tuneC_0,1,-673,-201,472,689,40022
pm,0.1,tuneC_0,2,-682,-174,508,689,40022
pm,0.1,tuneC_0,3,-646,-263,383,689,40022
pm,0.1,tuneC_0,4,-679,-245,434,689,40022
pm,0.1,tuneC_0,5,-690,-203,487,689,40022
pm,0.1,tuneC_0,6,-663,-250,413,689,40022
pm,0.1,tuneC_0,7,-683,-384,299,689,40022
pm,0.1,tuneC_0,8,-678,-179,499,689,40022
pm,0.1,tuneC_0,9,-684,-185,499,689,40022
pm,0.1,tuneC_1,0,-699,-194,505,689,40022
pm,0.1,tuneC_1,1,-682,-201,481,689,40022
pm,0.1,tuneC_1,2,-702,-178,524,689,40022
pm,0.1,tuneC_1,3,-688,-178,510,689,40022
pm,0.1,tuneC_1,4,-706,-158,548,689,40022
pm,0.1,tuneC_1,5,-704,-163,541,689,40022
pm,0.1,tuneC_1,6,-708,-173,535,689,40022
pm,0.1,tuneC_1,7,-660,-175,485,689,40022
pm,0.1,tuneC_1,8,-684,-150,534,689,40022
pm,0.1,tuneC_1,9,-685,-185,500,689,40022
pm,0.2,tuneA_0,0,-501,-177,324,689,40022
pm,0.2,tuneA_0,1,-511,418,929,689,40022
pm,0.2,tuneA_0,2,-516,-32,484,689,40022
pm,0.2,tuneA_0,3,-498,398,896,689,40022
pm,0.2,tuneA_0,4,-528,398,926,689,40022
pm,0.2,tuneA_0,5,-533,104,637,689,40022
pm,0.2,tuneA_0,6,-497,14,511,689,40022
pm,0.2,tuneA_0,7,-523,311,834,689,40022
pm,0.2,tuneA_0,8,-535,418,953,689,40022
pm,0.2,tuneA_0,9,-493,158,651,689,40022
pm,0.2,tuneA_1,0,-519,53,572,689,40022
pm,0.2,tuneA_1,1,-487,8,495,689,40022
pm,0.2,tuneA_1,2,-537,328,865,689,40022
pm,0.2,tuneA_1,3,-559,109,668,689,40022
pm,0.2,tuneA_1,4,-501,38,539,689,40022
pm,0.2,tuneA_1,5,-514,347,861,689,40022
pm,0.2,tuneA_1,6,-518,267,785,689,40022
pm,0.2,tuneA_1,7,-550,298,848,689,40022
pm,0.2,tuneA_1,8,-494,78,572,689,40022
pm,0.2,tuneA_1,9,-530,226,756,689,40022
pm,0.2,tuneA_2,0,-562,87,649,689,40022
pm,0.2,tuneA_2,1,-523,0,523,689,40022
pm,0.2,tuneA_2,2,-532,112,644,689,40022
pm,0.2,tuneA_2,3,-525,291,816,689,40022
pm,0.2,tuneA_2,4,-527,-99,428,689,40022
pm,0.2,tuneA_2,5,-558,325,883,689,40022
pm,0.2,tuneA_2,6,-549,407,956,689,40022
pm,0.2,tuneA_2,7,-484,270,754,689,40022
pm,0.2,tuneA_2,8,-539,116,655,689,40022
pm,0.2,tuneA_2,9,-547,73,620,689,40022
pm,0.2,tuneB_0,0,-637,181,818,689,40022
pm,0.2,tuneB_0,1,-619,170,789,689,40022
pm,0.2,tuneB_0,2,-604,134,738,689,40022
pm,0.2,tuneB_0,3,-579,144,723,689,40022
pm,0.2,tuneB_0,4,-584,169,753,689,40022
pm,0.2,tuneB_0,5,-619,7,626,689,40022
pm,0.2,tuneB_0,6,-591,67,658,689,40022
pm,0.2,tuneB_0,7,-589,160,749,689,40022
pm,0.2,tuneB_0,8,-598,195,793,689,40022
pm,0.2,tuneB_0,9,-626,99,725,689,40022
pm,0.2,tuneB_1,0,-577,183,760,689,40022
pm,0.2,tuneB_1,1,-514,13,527,689,40022
pm,0.2,tuneB_1,2,-591,-137,454,689,40022
pm,0.2,tuneB_1,3,-573,-202,371,689,40022
pm,0.2,tuneB_1,4,-581,4,585,689,40022
pm,0.2,tuneB_1,5,-570,181,751,689,40022
pm,0.2,tuneB_1,6,-566,113,679,689,40022
pm,0.2,tuneB_1,7,-592,-77,515,689,40022
pm,0.2,tuneB_1,8,-590,54,644,689,40022
pm,0.2,tuneB_1,9,-593,86,679,689,40022
pm,0.2,tuneB_2,0,-680,-34,646,689,40022
pm,0.2,tuneB_2,1,-672,-16,656,689,40022
pm,0.2,tuneB_2,2,-679,11,690,689,40022
pm,0.2,tuneB_2,3,-685,55,740,689,40022
pm,0.2,tuneB_2,4,-672,-51,621,689,40022
pm,0.2,tuneB_2,5,-678,-138,540,689,40022
pm,0.2,tuneB_2,6,-645,47,692,689,40022
pm,0.2,tuneB_2,7,-643,-116,527,689,40022
pm,0.2,tuneB_2,8,-668,6,674,689,40022
pm,0.2,tuneB_2,9,-670,-3,667,689,40022
pm,0.2,tuneC_0,0,-701,-175,526,689,40022
pm,0.2,tuneC_0,1,-673,-334,339,689,40022
pm,0.2,tuneC_0,2,-682,-199,483,689,40022
pm,0.2,tuneC_0,3,-646,-202,444,689,40022
pm,0.2,tuneC_0,4,-679,-187,492,689,40022
pm,0.2,tuneC_0,5,-690,-185,505,689,40022
pm,0.2,tuneC_0,6,-663,-179,484,689,40022
pm,0.2,tuneC_0,7,-683,-176,507,689,40022
pm,0.2,tuneC_0,8,-678,-202,476,689,40022
pm,0.2,tuneC_0,9,-684,-179,505,689,40022
pm,0.2,tuneC_1,0,-699,-167,532,689,40022
pm,0.2,tuneC_1,1,-682,-188,494,689,40022
pm,0.2,tuneC_1,2,-702,-164,538,689,40022
pm,0.2,tuneC_1,3,-688,-172,516,689,40022
pm,0.2,tuneC_1,4,-706,-142,564,689,40022
pm,0.2,tuneC_1,5,-704,-169,535,689,40022
pm,0.2,tuneC_1,6,-708,-172,536,689,40022
pm,0.2,tuneC_1,7,-660,-170,490,689,40022
pm,0.2,tuneC_1,8,-684,-154,530,689,40022
pm,0.2,tuneC_1,9,-685,-156,529,689,40022
pm,0.4,tuneA_0,0,-501,398,899,689,40022
pm,0.4,tuneA_0,1,-511,418,929,689,40022
pm,0.4,tuneA_0,2,-516,398,914,689,40022
pm,0.4,tuneA_0,3,-498,418,916,689,40022
pm,0.4,tuneA_0,4,-528,408,936,689,40022
pm,0.4,tuneA_0,5,-533,398,931,689,40022
pm,0.4,tuneA_0,6,-497,348,845,689,40022
pm,0.4,tuneA_0,7,-523,398,921,689,40022
pm,0.4,tuneA_0,8,-535,418,953,689,40022
pm,0.4,tuneA_0,9,-493,418,911,689,40022
pm,0.4,tuneA_1,0,-519,328,847,689,40022
pm,0.4,tuneA_1,1,-487,338,825,689,40022
pm,0.4,tuneA_1,2,-537,341,878,689,40022
pm,0.4,tuneA_1,3,-559,284,843,689,40022
pm,0.4,tuneA_1,4,-501,295,796,689,40022
pm,0.4,tuneA_1,5,-514,341,855,689,40022
pm,0.4,tuneA_1,6,-518,332,850,689,40022
pm,0.4,tuneA_1,7,-550,318,868,689,40022
pm,0.4,tuneA_1,8,-494,294,788,689,40022
pm,0.4,tuneA_1,9,-530,344,874,689,40022
pm,0.4,tuneA_2,0,-562,429,991,689,40022
pm,0.4,tuneA_2,1,-523,89,612,689,40022
pm,0.4,tuneA_2,2,-532,407,939,689,40022
pm,0.4,tuneA_2,3,-525,400,925,689,40022
pm,0.4,tuneA_2,4,-527,372,899,689,40022
pm,0.4,tuneA_2,5,-558,417,975,689,40022
pm,0.4,tuneA_2,6,-549,294,843,689,40022
pm,0.4,tuneA_2,7,-484,415,899,689,40022
pm,0.4,tuneA_2,8,-539,303,842,689,40022
pm,0.4,tuneA_2,9,-547,415,962,689,40022
pm,0.4,tuneB_0,0,-637,150,787,689,40022
pm,0.4,tuneB_0,1,-619,154,773,689,40022
pm,0.4,tuneB_0,2,-604,177,781,689,40022
pm,0.4,tuneB_0,3,-579,205,784,689,40022
pm,0.4,tuneB_0,4,-584,179,763,689,40022
pm,0.4,tuneB_0,5,-619,160,779,689,40022
pm,0.4,tuneB_0,6,-591,147,738,689,40022
pm,0.4,tuneB_0,7,-589,195,784,689,40022
pm,0.4,tuneB_0,8,-598,144,742,689,40022
pm,0.4,tuneB_0,9,-626,175,801,689,40022
pm,0.4,tuneB_1,0,-577,-74,503,689,40022
pm,0.4,tuneB_1,1,-514,230,744,689,40022
pm,0.4,tuneB_1,2,-591,142,733,689,40022
pm,0.4,tuneB_1,3,-573,69,642,689,40022
pm,0.4,tuneB_1,4,-581,202,783,689,40022
pm,0.4,tuneB_1,5,-570,133,703,689,40022
pm,0.4,tuneB_1,6,-566,169,735,689,40022
pm,0.4,tuneB_1,7,-592,176,768,689,40022
pm,0.4,tuneB_1,8,-590,207,797,689,40022
pm,0.4,tuneB_1,9,-593,163,756,689,40022
pm,0.4,tuneB_2,0,-680,-5,675,689,40022
pm,0.4,tuneB_2,1,-672,38,710,689,40022
pm,0.4,tuneB_2,2,-679,40,719,689,40022
pm,0.4,tuneB_2,3,-685,27,712,689,40022
pm,0.4,tuneB_2,4,-672,49,721,689,40022
pm,0.4,tuneB_2,5,-678,30,708,689,40022
pm,0.4,tuneB_2,6,-645,36,681,689,40022
pm,0.4,tuneB_2,7,-643,15,658,689,40022
pm,0.4,tuneB_2,8,-668,-41,627,689,40022
pm,0.4,tuneB_2,9,-670,-24,646,689,40022
pm,0.4,tuneC_0,0,-701,-174,527,689,40022
pm,0.4,tuneC_0,1,-673,-171,502,689,40022
pm,0.4,tuneC_0,2,-682,-166,516,689,40022
pm,0.4,tuneC_0,3,-646,-165,481,689,40022
pm,0.4,tuneC_0,4,-679,-189,490,689,40022
pm,0.4,tuneC_0,5,-690,-197,493,689,40022
pm,0.4,tuneC_0,6,-663,-177,486,689,40022
pm,0.4,tuneC_0,7,-683,-178,505,689,40022
pm,0.4,tuneC_0,8,-678,-167,511,689,40022
pm,0.4,tuneC_0,9,-684,-169,515,689,40022
pm,0.4,tuneC_1,0,-699,-148,551,689,40022
pm,0.4,tuneC_1,1,-682,-154,528,689,40022
pm,0.4,tuneC_1,2,-702,-153,549,689,40022
pm,0.4,tuneC_1,3,-688,-118,570,689,40022
pm,0.4,tuneC_1,4,-706,-153,553,689,40022
pm,0.4,tuneC_1,5,-704,-174,530,689,40022
pm,0.4,tuneC_1,6,-708,-161,547,689,40022
pm,0.4,tuneC_1,7,-660,-120,540,689,40022
pm,0.4,tuneC_1,8,-684,-159,525,689,40022
pm,0.4,tuneC_1,9,-685,-161,524,689,40022
pm,0.6,tuneA_0,0,-501,398,899,689,40022
pm,0.6,tuneA_0,1,-511,398,909,689,40022
pm,0.6,tuneA_0,2,-516,401,917,689,40022
pm,0.6,tuneA_0,3,-498,398,896,689,40022
pm,0.6,tuneA_0,4,-528,388,916,689,40022
pm,0.6,tuneA_0,5,-533,398,931,689,40022
pm,0.6,tuneA_0,6,-497,398,895,689,40022
pm,0.6,tuneA_0,7,-523,408,931,689,40022
pm,0.6,tuneA_0,8,-535,418,953,689,40022
pm,0.6,tuneA_0,9,-493,418,911,689,40022
pm,0.6,tuneA_1,0,-519,321,840,689,40022
pm,0.6,tuneA_1,1,-487,344,831,689,40022
pm,0.6,tuneA_1,2,-537,259,796,689,40022
pm,0.6,tuneA_1,3,-559,328,887,689,40022
pm,0.6,tuneA_1,4,-501,279,780,689,40022
pm,0.6,tuneA_1,5,-514,341,855,689,40022
pm,0.6,tuneA_1,6,-518,354,872,689,40022
pm,0.6,tuneA_1,7,-550,347,897,689,40022
pm,0.6,tuneA_1,8,-494,354,848,689,40022
pm,0.6,tuneA_1,9,-530,347,877,689,40022
pm,0.6,tuneA_2,0,-562,415,977,689,40022
pm,0.6,tuneA_2,1,-523,424,947,689,40022
pm,0.6,tuneA_2,2,-532,411,943,689,40022
pm,0.6,tuneA_2,3,-525,424,949,689,40022
pm,0.6,tuneA_2,4,-527,407,934,689,40022
pm,0.6,tuneA_2,5,-558,415,973,689,40022
pm,0.6,tuneA_2,6,-549,415,964,689,40022
pm,0.6,tuneA_2,7,-484,415,899,689,40022
pm,0.6,tuneA_2,8,-539,424,963,689,40022
pm,0.6,tuneA_2,9,-547,407,954,689,40022
pm,0.6,tuneB_0,0,-637,190,827,689,40022
pm,0.6,tuneB_0,1,-619,193,812,689,40022
pm,0.6,tuneB_0,2,-604,162,766,689,40022
pm,0.6,tuneB_0,3,-579,205,784,689,40022
pm,0.6,tuneB_0,4,-584,205,789,689,40022
pm,0.6,tuneB_0,5,-619,202,821,689,40022
pm,0.6,tuneB_0,6,-591,177,768,689,40022
pm,0.6,tuneB_0,7,-589,181,770,689,40022
pm,0.6,tuneB_0,8,-598,210,808,689,40022
pm,0.6,tuneB_0,9,-626,205,831,689,40022
pm,0.6,tuneB_1,0,-577,192,769,689,40022
pm,0.6,tuneB_1,1,-514,211,725,689,40022
pm,0.6,tuneB_1,2,-591,178,769,689,40022
pm,0.6,tuneB_1,3,-573,203,776,689,40022
pm,0.6,tuneB_1,4,-581,155,736,689,40022
pm,0.6,tuneB_1,5,-570,157,727,689,40022
pm,0.6,tuneB_1,6,-566,223,789,689,40022
pm,0.6,tuneB_1,7,-592,206,798,689,40022
pm,0.6,tuneB_1,8,-590,196,786,689,40022
pm,0.6,tuneB_1,9,-593,220,813,689,40022
pm,0.6,tuneB_2,0,-680,39,719,689,40022
pm,0.6,tuneB_2,1,-672,-9,663,689,40022
pm,0.6,tuneB_2,2,-679,42,721,689,40022
pm,0.6,tuneB_2,3,-685,-36,649,689,40022
pm,0.6,tuneB_2,4,-672,-24,648,689,40022
pm,0.6,tuneB_2,5,-678,-11,667,689,40022
pm,0.6,tuneB_2,6,-645,8,653,689,40022
pm,0.6,tuneB_2,7,-643,46,689,689,40022
pm,0.6,tuneB_2,8,-668,30,698,689,40022
pm,0.6,tuneB_2,9,-670,71,741,689,40022
pm,0.6,tuneC_0,0,-701,-160,541,689,40022
pm,0.6,tuneC_0,1,-673,-166,507,689,40022
pm,0.6,tuneC_0,2,-682,-189,493,689,40022
pm,0.6,tuneC_0,3,-646,-165,481,689,40022
pm,0.6,tuneC_0,4,-679,-174,505,689,40022
pm,0.6,tuneC_0,5,-690,-164,526,689,40022
pm,0.6,tuneC_0,6,-663,-159,504,689,40022
pm,0.6,tuneC_0,7,-683,-167,516,689,40022
pm,0.6,tuneC_0,8,-678,-152,526,689,40022
pm,0.6,tuneC_0,9,-684,-162,522,689,40022
pm,0.6,tuneC_1,0,-699,-138,561,689,40022
pm,0.6,tuneC_1,1,-682,-132,550,689,40022
pm,0.6,tuneC_1,2,-702,-159,543,689,40022
pm,0.6,tuneC_1,3,-688,-154,534,689,40022
pm,0.6,tuneC_1,4,-706,-156,550,689,40022
pm,0.6,tuneC_1,5,-704,-149,555,689,40022
pm,0.6,tuneC_1,6,-708,-164,544,689,40022
pm,0.6,tuneC_1,7,-660,-162,498,689,40022
pm,0.6,tuneC_1,8,-684,-148,536,689,40022
pm,0.6,tuneC_1,9,-685,-173,512,689,40022
pm,0.8,tuneA_0,0,-501,418,919,689,40022
pm,0.8,tuneA_0,1,-511,418,929,689,40022
pm,0.8,tuneA_0,2,-516,418,934,689,40022
pm,0.8,tuneA_0,3,-498,418,916,689,40022
pm,0.8,tuneA_0,4,-528,408,936,689,40022
pm,0.8,tuneA_0,5,-533,418,951,689,40022
pm,0.8,tuneA_0,6,-497,408,905,689,40022
pm,0.8,tuneA_0,7,-523,418,941,689,40022
pm,0.8,tuneA_0,8,-535,408,943,689,40022
pm,0.8,tuneA_0,9,-493,408,901,689,40022
pm,0.8,tuneA_1,0,-519,341,860,689,40022
pm,0.8,tuneA_1,1,-487,352,839,689,40022
pm,0.8,tuneA_1,2,-537,352,889,689,40022
pm,0.8,tuneA_1,3,-559,347,906,689,40022
pm,0.8,tuneA_1,4,-501,347,848,689,40022
pm,0.8,tuneA_1,5,-514,308,822,689,40022
pm,0.8,tuneA_1,6,-518,271,789,689,40022
pm,0.8,tuneA_1,7,-550,362,912,689,40022
pm,0.8,tuneA_1,8,-494,341,835,689,40022
pm,0.8,tuneA_1,9,-530,347,877,689,40022
pm,0.8,tuneA_2,0,-562,391,953,689,40022
pm,0.8,tuneA_2,1,-523,424,947,689,40022
pm,0.8,tuneA_2,2,-532,397,929,689,40022
pm,0.8,tuneA_2,3,-525,365,890,689,40022
pm,0.8,tuneA_2,4,-527,415,942,689,40022
pm,0.8,tuneA_2,5,-558,424,982,689,40022
pm,0.8,tuneA_2,6,-549,424,973,689,40022
pm,0.8,tuneA_2,7,-484,424,908,689,40022
pm,0.8,tuneA_2,8,-539,415,954,689,40022
pm,0.8,tuneA_2,9,-547,424,971,689,40022
pm,0.8,tuneB_0,0,-637,196,833,689,40022
pm,0.8,tuneB_0,1,-619,173,792,689,40022
pm,0.8,tuneB_0,2,-604,180,784,689,40022
pm,0.8,tuneB_0,3,-579,205,784,689,40022
pm,0.8,tuneB_0,4,-584,178,762,689,40022
pm,0.8,tuneB_0,5,-619,175,794,689,40022
pm,0.8,tuneB_0,6,-591,204,795,689,40022
pm,0.8,tuneB_0,7,-589,166,755,689,40022
pm,0.8,tuneB_0,8,-598,179,777,689,40022
pm,0.8,tuneB_0,9,-626,181,807,689,40022
pm,0.8,tuneB_1,0,-577,208,785,689,40022
pm,0.8,tuneB_1,1,-514,154,668,689,40022
pm,0.8,tuneB_1,2,-591,221,812,689,40022
pm,0.8,tuneB_1,3,-573,178,751,689,40022
pm,0.8,tuneB_1,4,-581,141,722,689,40022
pm,0.8,tuneB_1,5,-570,139,709,689,40022
pm,0.8,tuneB_1,6,-566,201,767,689,40022
pm,0.8,tuneB_1,7,-592,204,796,689,40022
pm,0.8,tuneB_1,8,-590,165,755,689,40022
pm,0.8,tuneB_1,9,-593,92,685,689,40022
pm,0.8,tuneB_2,0,-680,20,700,689,40022
pm,0.8,tuneB_2,1,-672,52,724,689,40022
pm,0.8,tuneB_2,2,-679,17,696,689,40022
pm,0.8,tuneB_2,3,-685,32,717,689,40022
pm,0.8,tuneB_2,4,-672,1,673,689,40022
pm,0.8,tuneB_2,5,-678,9,687,689,40022
pm,0.8,tuneB_2,6,-645,24,669,689,40022
pm,0.8,tuneB_2,7,-643,34,677,689,40022
pm,0.8,tuneB_2,8,-668,40,708,689,40022
pm,0.8,tuneB_2,9,-670,9,679,689,40022
pm,0.8,tuneC_0,0,-701,-166,535,689,40022
pm,0.8,tuneC_0,1,-673,-166,507,689,40022
pm,0.8,tuneC_0,2,-682,-160,522,689,40022
pm,0.8,tuneC_0,3,-646,-159,487,689,40022
pm,0.8,tuneC_0,4,-679,-164,515,689,40022
pm,0.8,tuneC_0,5,-690,-182,508,689,40022
pm,0.8,tuneC_0,6,-663,-177,486,689,40022
pm,0.8,tuneC_0,7,-683,-178,505,689,40022
pm,0.8,tuneC_0,8,-678,-173,505,689,40022
pm,0.8,tuneC_0,9,-684,-157,527,689,40022
pm,0.8,tuneC_1,0,-699,-154,545,689,40022
pm,0.8,tuneC_1,1,-682,-150,532,689,40022
pm,0.8,tuneC_1,2,-702,-176,526,689,40022
pm,0.8,tuneC_1,3,-688,-175,513,689,40022
pm,0.8,tuneC_1,4,-706,-154,552,689,40022
pm,0.8,tuneC_1,5,-704,-196,508,689,40022
pm,0.8,tuneC_1,6,-708,-172,536,689,40022
pm,0.8,tuneC_1,7,-660,-150,510,689,40022
pm,0.8,tuneC_1,8,-684,-130,554,689,40022
pm,0.8,tuneC_1,9,-685,-153,532,689,40022
